id,prediction
ROOM-00001,0
ROOM-00002,0
ROOM-00003,0
ROOM-00004,0
ROOM-00005,0
ROOM-00006,0
ROOM-00007,0
ROOM-00008,0
ROOM-00009,0
ROOM-00010,0
ROOM-00011,0
ROOM-00012,0
ROOM-00013,0
ROOM-00014,0
ROOM-00015,0
ROOM-00016,0
ROOM-00017,0
ROOM-00018,0
ROOM-00019,0
ROOM-00020,0
ROOM-00021,0
ROOM-00022,0
ROOM-00023,0
ROOM-00024,0
ROOM-00025,0
ROOM-00026,0
ROOM-00027,0
ROOM-00028,0
ROOM-00029,0
ROOM-00030,0
ROOM-00031,0
ROOM-00032,0
ROOM-00033,0
ROOM-00034,0
ROOM-00035,0
ROOM-00036,0
ROOM-00037,0
ROOM-00038,0
ROOM-00039,0
ROOM-00040,0
ROOM-00041,0
ROOM-00042,0
ROOM-00043,0
ROOM-00044,0
ROOM-00045,0
ROOM-00046,0
ROOM-00047,0
ROOM-00048,0
ROOM-00049,0
ROOM-00050,0
ROOM-00051,0
ROOM-00052,0
ROOM-00053,0
ROOM-00054,0
ROOM-00055,0
ROOM-00056,0
ROOM-00057,0
ROOM-00058,0
ROOM-00059,0
ROOM-00060,0
ROOM-00061,0
ROOM-00062,0
ROOM-00063,0
ROOM-00064,0
ROOM-00065,0
ROOM-00066,0
ROOM-00067,0
ROOM-00068,0
ROOM-00069,0
ROOM-00070,0
ROOM-00071,0
ROOM-00072,0
ROOM-00073,0
ROOM-00074,0
ROOM-00075,0
ROOM-00076,0
ROOM-00077,0
ROOM-00078,0
ROOM-00079,0
ROOM-00080,0
ROOM-00081,0
ROOM-00082,0
ROOM-00083,0
ROOM-00084,0
ROOM-00085,0
ROOM-00086,0
ROOM-00087,0
ROOM-00088,0
ROOM-00089,0
ROOM-00090,0
ROOM-00091,0
ROOM-00092,0
ROOM-00093,0
ROOM-00094,0
ROOM-00095,0
ROOM-00096,0
ROOM-00097,0
ROOM-00098,0
ROOM-00099,0
ROOM-00100,0
ROOM-00101,0
ROOM-00102,0
ROOM-00103,0
ROOM-00104,0
ROOM-00105,0
ROOM-00106,0
ROOM-00107,0
ROOM-00108,0
ROOM-00109,0
ROOM-00110,0
ROOM-00111,0
ROOM-00112,0
ROOM-00113,0
ROOM-00114,0
ROOM-00115,0
ROOM-00116,0
ROOM-00117,0
ROOM-00118,0
ROOM-00119,0
ROOM-00120,0
ROOM-00121,0
ROOM-00122,0
ROOM-00123,0
ROOM-00124,0
ROOM-00125,0
ROOM-00126,0
ROOM-00127,0
ROOM-00128,0
ROOM-00129,0
ROOM-00130,0
ROOM-00131,0
ROOM-00132,0
ROOM-00133,0
ROOM-00134,0
ROOM-00135,0
ROOM-00136,0
ROOM-00137,0
ROOM-00138,0
ROOM-00139,0
ROOM-00140,0
ROOM-00141,0
ROOM-00142,0
ROOM-00143,0
ROOM-00144,0
ROOM-00145,0
ROOM-00146,0
ROOM-00147,0
ROOM-00148,0
ROOM-00149,0
ROOM-00150,0
ROOM-00151,0
ROOM-00152,0
ROOM-00153,0
ROOM-00154,0
ROOM-00155,0
ROOM-00156,0
ROOM-00157,0
ROOM-00158,0
ROOM-00159,0
ROOM-00160,0
ROOM-00161,0
ROOM-00162,0
ROOM-00163,0
ROOM-00164,0
ROOM-00165,0
ROOM-00166,0
ROOM-00167,0
ROOM-00168,0
ROOM-00169,0
ROOM-00170,0
ROOM-00171,0
ROOM-00172,0
ROOM-00173,0
ROOM-00174,0
ROOM-00175,0
ROOM-00176,0
ROOM-00177,0
ROOM-00178,0
ROOM-00179,0
ROOM-00180,0
ROOM-00181,0
ROOM-00182,0
ROOM-00183,0
ROOM-00184,0
ROOM-00185,0
ROOM-00186,0
ROOM-00187,0
ROOM-00188,0
ROOM-00189,0
ROOM-00190,0
ROOM-00191,0
ROOM-00192,0
ROOM-00193,0
ROOM-00194,0
ROOM-00195,0
ROOM-00196,0
ROOM-00197,0
ROOM-00198,0
ROOM-00199,0
ROOM-00200,0
ROOM-00201,0
ROOM-00202,0
ROOM-00203,0
ROOM-00204,0
ROOM-00205,0
ROOM-00206,0
ROOM-00207,0
ROOM-00208,0
ROOM-00209,0
ROOM-00210,0
ROOM-00211,0
ROOM-00212,0
ROOM-00213,0
ROOM-00214,0
ROOM-00215,0
ROOM-00216,0
ROOM-00217,0
ROOM-00218,0
ROOM-00219,0
ROOM-00220,0
ROOM-00221,0
ROOM-00222,0
ROOM-00223,0
ROOM-00224,0
ROOM-00225,0
ROOM-00226,0
ROOM-00227,0
ROOM-00228,0
ROOM-00229,0
ROOM-00230,0
ROOM-00231,0
ROOM-00232,0
ROOM-00233,0
ROOM-00234,0
ROOM-00235,0
ROOM-00236,0
ROOM-00237,0
ROOM-00238,0
ROOM-00239,0
ROOM-00240,0
ROOM-00241,0
ROOM-00242,0
ROOM-00243,0
ROOM-00244,0
ROOM-00245,0
ROOM-00246,0
ROOM-00247,0
ROOM-00248,0
ROOM-00249,0
ROOM-00250,0
ROOM-00251,0
ROOM-00252,0
ROOM-00253,0
ROOM-00254,0
ROOM-00255,0
ROOM-00256,0
ROOM-00257,0
ROOM-00258,0
ROOM-00259,0
ROOM-00260,0
ROOM-00261,0
ROOM-00262,0
ROOM-00263,0
ROOM-00264,0
ROOM-00265,0
ROOM-00266,0
ROOM-00267,0
ROOM-00268,0
ROOM-00269,0
ROOM-00270,0
ROOM-00271,0
ROOM-00272,0
ROOM-00273,0
ROOM-00274,0
ROOM-00275,0
ROOM-00276,0
ROOM-00277,0
ROOM-00278,0
ROOM-00279,0
ROOM-00280,0
ROOM-00281,0
ROOM-00282,0
ROOM-00283,0
ROOM-00284,0
ROOM-00285,0
ROOM-00286,0
ROOM-00287,0
ROOM-00288,0
ROOM-00289,0
ROOM-00290,0
ROOM-00291,0
ROOM-00292,0
ROOM-00293,0
ROOM-00294,0
ROOM-00295,0
ROOM-00296,0
ROOM-00297,0
ROOM-00298,0
ROOM-00299,0
ROOM-00300,0
ROOM-00301,0
ROOM-00302,0
ROOM-00303,0
ROOM-00304,0
ROOM-00305,0
ROOM-00306,0
ROOM-00307,0
ROOM-00308,0
ROOM-00309,0
ROOM-00310,0
ROOM-00311,0
ROOM-00312,0
ROOM-00313,0
ROOM-00314,0
ROOM-00315,0
ROOM-00316,0
ROOM-00317,0
ROOM-00318,0
ROOM-00319,0
ROOM-00320,0
ROOM-00321,0
ROOM-00322,0
ROOM-00323,0
ROOM-00324,0
ROOM-00325,0
ROOM-00326,0
ROOM-00327,0
ROOM-00328,0
ROOM-00329,0
ROOM-00330,0
ROOM-00331,0
ROOM-00332,0
ROOM-00333,0
ROOM-00334,0
ROOM-00335,0
ROOM-00336,0
ROOM-00337,0
ROOM-00338,0
ROOM-00339,0
ROOM-00340,0
ROOM-00341,0
ROOM-00342,0
ROOM-00343,0
ROOM-00344,0
ROOM-00345,0
ROOM-00346,0
ROOM-00347,0
ROOM-00348,0
ROOM-00349,0
ROOM-00350,0
ROOM-00351,0
ROOM-00352,0
ROOM-00353,0
ROOM-00354,0
ROOM-00355,0
ROOM-00356,0
ROOM-00357,0
ROOM-00358,0
ROOM-00359,0
ROOM-00360,0
ROOM-00361,0
ROOM-00362,0
ROOM-00363,0
ROOM-00364,0
ROOM-00365,0
ROOM-00366,0
ROOM-00367,0
ROOM-00368,0
ROOM-00369,0
ROOM-00370,0
ROOM-00371,0
ROOM-00372,0
ROOM-00373,0
ROOM-00374,0
ROOM-00375,0
ROOM-00376,0
ROOM-00377,0
ROOM-00378,0
ROOM-00379,0
ROOM-00380,0
ROOM-00381,0
ROOM-00382,0
ROOM-00383,0
ROOM-00384,0
ROOM-00385,0
ROOM-00386,0
ROOM-00387,0
ROOM-00388,0
ROOM-00389,0
ROOM-00390,0
ROOM-00391,0
ROOM-00392,0
ROOM-00393,0
ROOM-00394,0
ROOM-00395,0
ROOM-00396,0
ROOM-00397,0
ROOM-00398,0
ROOM-00399,0
ROOM-00400,0
ROOM-00401,0
ROOM-00402,0
ROOM-00403,0
ROOM-00404,0
ROOM-00405,0
ROOM-00406,0
ROOM-00407,0
ROOM-00408,0
ROOM-00409,0
ROOM-00410,0
ROOM-00411,0
ROOM-00412,0
ROOM-00413,0
ROOM-00414,0
ROOM-00415,0
ROOM-00416,0
ROOM-00417,0
ROOM-00418,0
ROOM-00419,0
ROOM-00420,0
ROOM-00421,0
ROOM-00422,0
ROOM-00423,0
ROOM-00424,0
ROOM-00425,0
ROOM-00426,0
ROOM-00427,0
ROOM-00428,0
ROOM-00429,0
ROOM-00430,0
ROOM-00431,0
ROOM-00432,0
ROOM-00433,0
ROOM-00434,0
ROOM-00435,0
ROOM-00436,0
ROOM-00437,0
ROOM-00438,0
ROOM-00439,0
ROOM-00440,0
ROOM-00441,0
ROOM-00442,0
ROOM-00443,0
ROOM-00444,0
ROOM-00445,0
ROOM-00446,0
ROOM-00447,0
ROOM-00448,0
ROOM-00449,0
ROOM-00450,0
ROOM-00451,0
ROOM-00452,0
ROOM-00453,0
ROOM-00454,0
ROOM-00455,0
ROOM-00456,0
ROOM-00457,0
ROOM-00458,0
ROOM-00459,0
ROOM-00460,0
ROOM-00461,0
ROOM-00462,0
ROOM-00463,0
ROOM-00464,0
ROOM-00465,0
ROOM-00466,0
ROOM-00467,0
ROOM-00468,0
ROOM-00469,0
ROOM-00470,0
ROOM-00471,0
ROOM-00472,0
ROOM-00473,0
ROOM-00474,0
ROOM-00475,0
ROOM-00476,0
ROOM-00477,0
ROOM-00478,0
ROOM-00479,0
ROOM-00480,0
ROOM-00481,0
ROOM-00482,0
ROOM-00483,0
ROOM-00484,0
ROOM-00485,0
ROOM-00486,0
ROOM-00487,0
ROOM-00488,0
ROOM-00489,0
ROOM-00490,0
ROOM-00491,0
ROOM-00492,0
ROOM-00493,0
ROOM-00494,0
ROOM-00495,0
ROOM-00496,0
ROOM-00497,0
ROOM-00498,0
ROOM-00499,0
ROOM-00500,0
ROOM-00501,0
ROOM-00502,0
ROOM-00503,0
ROOM-00504,0
ROOM-00505,0
ROOM-00506,0
ROOM-00507,0
ROOM-00508,0
ROOM-00509,0
ROOM-00510,0
ROOM-00511,0
ROOM-00512,0
ROOM-00513,0
ROOM-00514,0
ROOM-00515,0
ROOM-00516,0
ROOM-00517,0
ROOM-00518,0
ROOM-00519,0
ROOM-00520,0
ROOM-00521,0
ROOM-00522,0
ROOM-00523,0
ROOM-00524,0
ROOM-00525,0
ROOM-00526,0
ROOM-00527,0
ROOM-00528,0
ROOM-00529,0
ROOM-00530,0
ROOM-00531,0
ROOM-00532,0
ROOM-00533,0
ROOM-00534,0
ROOM-00535,0
ROOM-00536,0
ROOM-00537,0
ROOM-00538,0
ROOM-00539,0
ROOM-00540,0
ROOM-00541,0
ROOM-00542,0
ROOM-00543,0
ROOM-00544,0
ROOM-00545,0
ROOM-00546,0
ROOM-00547,0
ROOM-00548,0
ROOM-00549,0
ROOM-00550,0
ROOM-00551,0
ROOM-00552,0
ROOM-00553,0
ROOM-00554,0
ROOM-00555,0
ROOM-00556,0
ROOM-00557,0
ROOM-00558,0
ROOM-00559,0
ROOM-00560,0
ROOM-00561,0
ROOM-00562,0
ROOM-00563,0
ROOM-00564,0
ROOM-00565,0
ROOM-00566,0
ROOM-00567,0
ROOM-00568,0
ROOM-00569,0
ROOM-00570,0
ROOM-00571,0
ROOM-00572,0
ROOM-00573,0
ROOM-00574,0
ROOM-00575,0
ROOM-00576,0
ROOM-00577,0
ROOM-00578,0
ROOM-00579,0
ROOM-00580,0
ROOM-00581,0
ROOM-00582,0
ROOM-00583,0
ROOM-00584,0
ROOM-00585,0
ROOM-00586,0
ROOM-00587,0
ROOM-00588,0
ROOM-00589,0
ROOM-00590,0
ROOM-00591,0
ROOM-00592,0
ROOM-00593,0
ROOM-00594,0
ROOM-00595,0
ROOM-00596,0
ROOM-00597,0
ROOM-00598,0
ROOM-00599,0
ROOM-00600,0
ROOM-00601,0
ROOM-00602,0
ROOM-00603,0
ROOM-00604,0
ROOM-00605,0
ROOM-00606,0
ROOM-00607,0
ROOM-00608,0
ROOM-00609,0
ROOM-00610,0
ROOM-00611,0
ROOM-00612,0
ROOM-00613,0
ROOM-00614,0
ROOM-00615,0
ROOM-00616,0
ROOM-00617,0
ROOM-00618,0
ROOM-00619,0
ROOM-00620,0
ROOM-00621,0
ROOM-00622,0
ROOM-00623,0
ROOM-00624,0
ROOM-00625,0
ROOM-00626,0
ROOM-00627,0
ROOM-00628,0
ROOM-00629,0
ROOM-00630,0
ROOM-00631,0
ROOM-00632,0
ROOM-00633,0
ROOM-00634,0
ROOM-00635,0
ROOM-00636,0
ROOM-00637,0
ROOM-00638,0
ROOM-00639,0
ROOM-00640,0
ROOM-00641,0
ROOM-00642,0
ROOM-00643,0
ROOM-00644,0
ROOM-00645,0
ROOM-00646,0
ROOM-00647,0
ROOM-00648,0
ROOM-00649,0
ROOM-00650,0
ROOM-00651,0
ROOM-00652,0
ROOM-00653,0
ROOM-00654,0
ROOM-00655,0
ROOM-00656,0
ROOM-00657,0
ROOM-00658,0
ROOM-00659,0
ROOM-00660,0
ROOM-00661,0
ROOM-00662,0
ROOM-00663,0
ROOM-00664,0
ROOM-00665,0
ROOM-00666,0
ROOM-00667,0
ROOM-00668,0
ROOM-00669,0
ROOM-00670,0
ROOM-00671,0
ROOM-00672,0
ROOM-00673,0
ROOM-00674,0
ROOM-00675,0
ROOM-00676,0
ROOM-00677,0
ROOM-00678,0
ROOM-00679,0
ROOM-00680,0
ROOM-00681,0
ROOM-00682,0
ROOM-00683,0
ROOM-00684,0
ROOM-00685,0
ROOM-00686,0
ROOM-00687,0
ROOM-00688,0
ROOM-00689,0
ROOM-00690,0
ROOM-00691,0
ROOM-00692,0
ROOM-00693,0
ROOM-00694,0
ROOM-00695,0
ROOM-00696,0
ROOM-00697,0
ROOM-00698,0
ROOM-00699,0
ROOM-00700,0
ROOM-00701,0
ROOM-00702,0
ROOM-00703,0
ROOM-00704,0
ROOM-00705,0
ROOM-00706,0
ROOM-00707,0
ROOM-00708,0
ROOM-00709,0
ROOM-00710,0
ROOM-00711,0
ROOM-00712,0
ROOM-00713,0
ROOM-00714,0
ROOM-00715,0
ROOM-00716,0
ROOM-00717,0
ROOM-00718,0
ROOM-00719,0
ROOM-00720,0
ROOM-00721,0
ROOM-00722,0
ROOM-00723,0
ROOM-00724,0
ROOM-00725,0
ROOM-00726,0
ROOM-00727,0
ROOM-00728,0
ROOM-00729,0
ROOM-00730,0
ROOM-00731,0
ROOM-00732,0
ROOM-00733,0
ROOM-00734,0
ROOM-00735,0
ROOM-00736,0
ROOM-00737,0
ROOM-00738,0
ROOM-00739,0
ROOM-00740,0
ROOM-00741,0
ROOM-00742,0
ROOM-00743,0
ROOM-00744,0
ROOM-00745,0
ROOM-00746,0
ROOM-00747,0
ROOM-00748,0
ROOM-00749,0
ROOM-00750,0
ROOM-00751,0
ROOM-00752,0
ROOM-00753,0
ROOM-00754,0
ROOM-00755,0
ROOM-00756,0
ROOM-00757,0
ROOM-00758,0
ROOM-00759,0
ROOM-00760,0
ROOM-00761,0
ROOM-00762,0
ROOM-00763,0
ROOM-00764,0
ROOM-00765,0
ROOM-00766,0
ROOM-00767,0
ROOM-00768,0
ROOM-00769,0
ROOM-00770,0
ROOM-00771,0
ROOM-00772,0
ROOM-00773,0
ROOM-00774,0
ROOM-00775,0
ROOM-00776,0
ROOM-00777,0
ROOM-00778,0
ROOM-00779,0
ROOM-00780,0
ROOM-00781,0
ROOM-00782,0
ROOM-00783,0
ROOM-00784,0
ROOM-00785,0
ROOM-00786,0
ROOM-00787,0
ROOM-00788,0
ROOM-00789,0
ROOM-00790,0
ROOM-00791,0
ROOM-00792,0
ROOM-00793,0
ROOM-00794,0
ROOM-00795,0
ROOM-00796,0
ROOM-00797,0
ROOM-00798,0
ROOM-00799,0
ROOM-00800,0
ROOM-00801,0
ROOM-00802,0
ROOM-00803,0
ROOM-00804,0
ROOM-00805,0
ROOM-00806,0
ROOM-00807,0
ROOM-00808,0
ROOM-00809,0
ROOM-00810,0
ROOM-00811,0
ROOM-00812,0
ROOM-00813,0
ROOM-00814,0
ROOM-00815,0
ROOM-00816,0
ROOM-00817,0
ROOM-00818,0
ROOM-00819,0
ROOM-00820,0
ROOM-00821,0
ROOM-00822,0
ROOM-00823,0
ROOM-00824,0
ROOM-00825,0
ROOM-00826,0
ROOM-00827,0
ROOM-00828,0
ROOM-00829,0
ROOM-00830,0
ROOM-00831,0
ROOM-00832,0
ROOM-00833,0
ROOM-00834,0
ROOM-00835,0
ROOM-00836,0
ROOM-00837,0
ROOM-00838,0
ROOM-00839,0
ROOM-00840,0
ROOM-00841,0
ROOM-00842,0
ROOM-00843,0
ROOM-00844,0
ROOM-00845,0
ROOM-00846,0
ROOM-00847,0
ROOM-00848,0
ROOM-00849,0
ROOM-00850,0
ROOM-00851,0
ROOM-00852,0
ROOM-00853,0
ROOM-00854,0
ROOM-00855,0
ROOM-00856,0
ROOM-00857,0
ROOM-00858,0
ROOM-00859,0
ROOM-00860,0
ROOM-00861,0
ROOM-00862,0
ROOM-00863,0
ROOM-00864,0
ROOM-00865,0
ROOM-00866,0
ROOM-00867,0
ROOM-00868,0
ROOM-00869,0
ROOM-00870,0
ROOM-00871,0
ROOM-00872,0
ROOM-00873,0
ROOM-00874,0
ROOM-00875,0
ROOM-00876,0
ROOM-00877,0
ROOM-00878,0
ROOM-00879,0
ROOM-00880,0
ROOM-00881,0
ROOM-00882,0
ROOM-00883,0
ROOM-00884,0
ROOM-00885,0
ROOM-00886,0
ROOM-00887,0
ROOM-00888,0
ROOM-00889,0
ROOM-00890,0
ROOM-00891,0
ROOM-00892,0
ROOM-00893,0
ROOM-00894,0
ROOM-00895,0
ROOM-00896,0
ROOM-00897,0
ROOM-00898,0
ROOM-00899,0
ROOM-00900,0
ROOM-00901,0
ROOM-00902,0
ROOM-00903,0
ROOM-00904,0
ROOM-00905,0
ROOM-00906,0
ROOM-00907,0
ROOM-00908,0
ROOM-00909,0
ROOM-00910,0
ROOM-00911,0
ROOM-00912,0
ROOM-00913,0
ROOM-00914,0
ROOM-00915,0
ROOM-00916,0
ROOM-00917,0
ROOM-00918,0
ROOM-00919,0
ROOM-00920,0
ROOM-00921,0
ROOM-00922,0
ROOM-00923,0
ROOM-00924,0
ROOM-00925,0
ROOM-00926,0
ROOM-00927,0
ROOM-00928,0
ROOM-00929,0
ROOM-00930,0
ROOM-00931,0
ROOM-00932,0
ROOM-00933,0
ROOM-00934,0
ROOM-00935,0
ROOM-00936,0
ROOM-00937,0
ROOM-00938,0
ROOM-00939,0
ROOM-00940,0
ROOM-00941,0
ROOM-00942,0
ROOM-00943,0
ROOM-00944,0
ROOM-00945,0
ROOM-00946,0
ROOM-00947,0
ROOM-00948,0
ROOM-00949,0
ROOM-00950,0
ROOM-00951,0
ROOM-00952,0
ROOM-00953,0
ROOM-00954,0
ROOM-00955,0
ROOM-00956,0
ROOM-00957,0
ROOM-00958,0
ROOM-00959,0
ROOM-00960,0
ROOM-00961,0
ROOM-00962,0
ROOM-00963,0
ROOM-00964,0
ROOM-00965,0
ROOM-00966,0
ROOM-00967,0
ROOM-00968,0
ROOM-00969,0
ROOM-00970,0
ROOM-00971,0
ROOM-00972,0
ROOM-00973,0
ROOM-00974,0
ROOM-00975,0
ROOM-00976,0
ROOM-00977,0
ROOM-00978,0
ROOM-00979,0
ROOM-00980,0
ROOM-00981,0
ROOM-00982,0
ROOM-00983,0
ROOM-00984,0
ROOM-00985,0
ROOM-00986,0
ROOM-00987,0
ROOM-00988,0
ROOM-00989,0
ROOM-00990,0
ROOM-00991,0
ROOM-00992,0
ROOM-00993,0
ROOM-00994,0
ROOM-00995,0
ROOM-00996,0
ROOM-00997,0
ROOM-00998,0
ROOM-00999,0
ROOM-01000,0
ROOM-01001,0
ROOM-01002,0
ROOM-01003,0
ROOM-01004,0
ROOM-01005,0
ROOM-01006,0
ROOM-01007,0
ROOM-01008,0
ROOM-01009,0
ROOM-01010,0
ROOM-01011,0
ROOM-01012,0
ROOM-01013,0
ROOM-01014,0
ROOM-01015,0
ROOM-01016,0
ROOM-01017,0
ROOM-01018,0
ROOM-01019,0
ROOM-01020,0
ROOM-01021,0
ROOM-01022,0
ROOM-01023,0
ROOM-01024,0
ROOM-01025,0
ROOM-01026,0
ROOM-01027,0
ROOM-01028,0
ROOM-01029,0
ROOM-01030,0
ROOM-01031,0
ROOM-01032,0
ROOM-01033,0
ROOM-01034,0
ROOM-01035,0
ROOM-01036,0
ROOM-01037,0
ROOM-01038,0
ROOM-01039,0
ROOM-01040,0
ROOM-01041,0
ROOM-01042,0
ROOM-01043,0
ROOM-01044,0
ROOM-01045,0
ROOM-01046,0
ROOM-01047,0
ROOM-01048,0
ROOM-01049,0
ROOM-01050,0
ROOM-01051,0
ROOM-01052,0
ROOM-01053,0
ROOM-01054,0
ROOM-01055,0
ROOM-01056,0
ROOM-01057,0
ROOM-01058,0
ROOM-01059,0
ROOM-01060,0
ROOM-01061,0
ROOM-01062,0
ROOM-01063,0
ROOM-01064,0
ROOM-01065,0
ROOM-01066,0
ROOM-01067,0
ROOM-01068,0
ROOM-01069,0
ROOM-01070,0
ROOM-01071,0
ROOM-01072,0
ROOM-01073,0
ROOM-01074,0
ROOM-01075,0
ROOM-01076,0
ROOM-01077,0
ROOM-01078,0
ROOM-01079,0
ROOM-01080,0
ROOM-01081,0
ROOM-01082,0
ROOM-01083,0
ROOM-01084,0
ROOM-01085,0
ROOM-01086,0
ROOM-01087,0
ROOM-01088,0
ROOM-01089,0
ROOM-01090,0
ROOM-01091,0
ROOM-01092,0
ROOM-01093,0
ROOM-01094,0
ROOM-01095,0
ROOM-01096,0
ROOM-01097,0
ROOM-01098,0
ROOM-01099,0
ROOM-01100,0
ROOM-01101,0
ROOM-01102,0
ROOM-01103,0
ROOM-01104,0
ROOM-01105,0
ROOM-01106,0
ROOM-01107,0
ROOM-01108,0
ROOM-01109,0
ROOM-01110,0
ROOM-01111,0
ROOM-01112,0
ROOM-01113,0
ROOM-01114,0
ROOM-01115,0
ROOM-01116,0
ROOM-01117,0
ROOM-01118,0
ROOM-01119,0
ROOM-01120,0
ROOM-01121,0
ROOM-01122,0
ROOM-01123,0
ROOM-01124,0
ROOM-01125,0
ROOM-01126,0
ROOM-01127,0
ROOM-01128,0
ROOM-01129,0
ROOM-01130,0
ROOM-01131,0
ROOM-01132,0
ROOM-01133,0
ROOM-01134,0
ROOM-01135,0
ROOM-01136,0
ROOM-01137,0
ROOM-01138,0
ROOM-01139,0
ROOM-01140,0
ROOM-01141,0
ROOM-01142,0
ROOM-01143,0
ROOM-01144,0
ROOM-01145,0
ROOM-01146,0
ROOM-01147,0
ROOM-01148,0
ROOM-01149,0
ROOM-01150,0
ROOM-01151,0
ROOM-01152,0
ROOM-01153,0
ROOM-01154,0
ROOM-01155,0
ROOM-01156,0
ROOM-01157,0
ROOM-01158,0
ROOM-01159,0
ROOM-01160,0
ROOM-01161,0
ROOM-01162,0
ROOM-01163,0
ROOM-01164,0
ROOM-01165,0
ROOM-01166,0
ROOM-01167,0
ROOM-01168,0
ROOM-01169,0
ROOM-01170,0
ROOM-01171,0
ROOM-01172,0
ROOM-01173,0
ROOM-01174,0
ROOM-01175,0
ROOM-01176,0
ROOM-01177,0
ROOM-01178,0
ROOM-01179,0
ROOM-01180,0
ROOM-01181,0
ROOM-01182,0
ROOM-01183,0
ROOM-01184,0
ROOM-01185,0
ROOM-01186,0
ROOM-01187,0
ROOM-01188,0
ROOM-01189,0
ROOM-01190,0
ROOM-01191,0
ROOM-01192,0
ROOM-01193,0
ROOM-01194,0
ROOM-01195,0
ROOM-01196,0
ROOM-01197,0
ROOM-01198,0
ROOM-01199,0
ROOM-01200,0
ROOM-01201,0
ROOM-01202,0
ROOM-01203,0
ROOM-01204,0
ROOM-01205,0
ROOM-01206,0
ROOM-01207,0
ROOM-01208,0
ROOM-01209,0
ROOM-01210,0
ROOM-01211,0
ROOM-01212,0
ROOM-01213,0
ROOM-01214,0
ROOM-01215,0
ROOM-01216,0
ROOM-01217,0
ROOM-01218,0
ROOM-01219,0
ROOM-01220,0
ROOM-01221,0
ROOM-01222,0
ROOM-01223,0
ROOM-01224,0
ROOM-01225,0
ROOM-01226,0
ROOM-01227,0
ROOM-01228,0
ROOM-01229,0
ROOM-01230,0
ROOM-01231,0
ROOM-01232,0
ROOM-01233,0
ROOM-01234,0
ROOM-01235,0
ROOM-01236,0
ROOM-01237,0
ROOM-01238,0
ROOM-01239,0
ROOM-01240,0
ROOM-01241,0
ROOM-01242,0
ROOM-01243,0
ROOM-01244,0
ROOM-01245,0
ROOM-01246,0
ROOM-01247,0
ROOM-01248,0
ROOM-01249,0
ROOM-01250,0
ROOM-01251,0
ROOM-01252,0
ROOM-01253,0
ROOM-01254,0
ROOM-01255,0
ROOM-01256,0
ROOM-01257,0
ROOM-01258,0
ROOM-01259,0
ROOM-01260,0
ROOM-01261,0
ROOM-01262,0
ROOM-01263,0
ROOM-01264,0
ROOM-01265,0
ROOM-01266,0
ROOM-01267,0
ROOM-01268,0
ROOM-01269,0
ROOM-01270,0
ROOM-01271,0
ROOM-01272,0
ROOM-01273,0
ROOM-01274,0
ROOM-01275,0
ROOM-01276,0
ROOM-01277,0
ROOM-01278,0
ROOM-01279,0
ROOM-01280,0
ROOM-01281,0
ROOM-01282,0
ROOM-01283,0
ROOM-01284,0
ROOM-01285,0
ROOM-01286,0
ROOM-01287,0
ROOM-01288,0
ROOM-01289,0
ROOM-01290,0
ROOM-01291,0
ROOM-01292,0
ROOM-01293,0
ROOM-01294,0
ROOM-01295,0
ROOM-01296,0
ROOM-01297,0
ROOM-01298,0
ROOM-01299,0
ROOM-01300,0
ROOM-01301,0
ROOM-01302,0
ROOM-01303,0
ROOM-01304,0
ROOM-01305,0
ROOM-01306,0
ROOM-01307,0
ROOM-01308,0
ROOM-01309,0
ROOM-01310,0
ROOM-01311,0
ROOM-01312,0
ROOM-01313,0
ROOM-01314,0
ROOM-01315,0
ROOM-01316,0
ROOM-01317,0
ROOM-01318,0
ROOM-01319,0
ROOM-01320,0
ROOM-01321,0
ROOM-01322,0
ROOM-01323,0
ROOM-01324,0
ROOM-01325,0
ROOM-01326,0
ROOM-01327,0
ROOM-01328,0
ROOM-01329,0
ROOM-01330,0
ROOM-01331,0
ROOM-01332,0
ROOM-01333,0
ROOM-01334,0
ROOM-01335,0
ROOM-01336,0
ROOM-01337,0
ROOM-01338,0
ROOM-01339,0
ROOM-01340,0
ROOM-01341,0
ROOM-01342,0
ROOM-01343,0
ROOM-01344,0
ROOM-01345,0
ROOM-01346,0
ROOM-01347,0
ROOM-01348,0
ROOM-01349,0
ROOM-01350,0
ROOM-01351,0
ROOM-01352,0
ROOM-01353,0
ROOM-01354,0
ROOM-01355,0
ROOM-01356,0
ROOM-01357,0
ROOM-01358,0
ROOM-01359,0
ROOM-01360,0
ROOM-01361,0
ROOM-01362,0
ROOM-01363,0
ROOM-01364,0
ROOM-01365,0
ROOM-01366,0
ROOM-01367,0
ROOM-01368,0
ROOM-01369,0
ROOM-01370,0
ROOM-01371,0
ROOM-01372,0
ROOM-01373,0
ROOM-01374,0
ROOM-01375,0
ROOM-01376,0
ROOM-01377,0
ROOM-01378,0
ROOM-01379,0
ROOM-01380,0
ROOM-01381,0
ROOM-01382,0
ROOM-01383,0
ROOM-01384,0
ROOM-01385,0
ROOM-01386,0
ROOM-01387,0
ROOM-01388,0
ROOM-01389,0
ROOM-01390,0
ROOM-01391,0
ROOM-01392,0
ROOM-01393,0
ROOM-01394,0
ROOM-01395,0
ROOM-01396,0
ROOM-01397,0
ROOM-01398,0
ROOM-01399,0
ROOM-01400,0
ROOM-01401,0
ROOM-01402,0
ROOM-01403,0
ROOM-01404,0
ROOM-01405,0
ROOM-01406,0
ROOM-01407,0
ROOM-01408,0
ROOM-01409,0
ROOM-01410,0
ROOM-01411,0
ROOM-01412,0
ROOM-01413,0
ROOM-01414,0
ROOM-01415,0
ROOM-01416,0
ROOM-01417,0
ROOM-01418,0
ROOM-01419,0
ROOM-01420,0
ROOM-01421,0
ROOM-01422,0
ROOM-01423,0
ROOM-01424,0
ROOM-01425,0
ROOM-01426,0
ROOM-01427,0
ROOM-01428,0
ROOM-01429,0
ROOM-01430,0
ROOM-01431,0
ROOM-01432,0
ROOM-01433,0
ROOM-01434,0
ROOM-01435,0
ROOM-01436,0
ROOM-01437,0
ROOM-01438,0
ROOM-01439,0
ROOM-01440,0
ROOM-01441,0
ROOM-01442,0
ROOM-01443,0
ROOM-01444,0
ROOM-01445,0
ROOM-01446,0
ROOM-01447,0
ROOM-01448,0
ROOM-01449,0
ROOM-01450,0
ROOM-01451,0
ROOM-01452,0
ROOM-01453,0
ROOM-01454,0
ROOM-01455,0
ROOM-01456,0
ROOM-01457,0
ROOM-01458,0
ROOM-01459,0
ROOM-01460,0
ROOM-01461,0
ROOM-01462,0
ROOM-01463,0
ROOM-01464,0
ROOM-01465,0
ROOM-01466,0
ROOM-01467,0
ROOM-01468,0
ROOM-01469,0
ROOM-01470,0
ROOM-01471,0
ROOM-01472,0
ROOM-01473,0
ROOM-01474,0
ROOM-01475,0
ROOM-01476,0
ROOM-01477,0
ROOM-01478,0
ROOM-01479,0
ROOM-01480,0
ROOM-01481,0
ROOM-01482,0
ROOM-01483,0
ROOM-01484,0
ROOM-01485,0
ROOM-01486,0
ROOM-01487,0
ROOM-01488,0
ROOM-01489,0
ROOM-01490,0
ROOM-01491,0
ROOM-01492,0
ROOM-01493,0
ROOM-01494,0
ROOM-01495,0
ROOM-01496,0
ROOM-01497,0
ROOM-01498,0
ROOM-01499,0
ROOM-01500,0
ROOM-01501,0
ROOM-01502,0
ROOM-01503,0
ROOM-01504,0
ROOM-01505,0
ROOM-01506,0
ROOM-01507,0
ROOM-01508,0
ROOM-01509,0
ROOM-01510,0
ROOM-01511,0
ROOM-01512,0
ROOM-01513,0
ROOM-01514,0
ROOM-01515,0
ROOM-01516,0
ROOM-01517,0
ROOM-01518,0
ROOM-01519,0
ROOM-01520,0
ROOM-01521,0
ROOM-01522,0
ROOM-01523,0
ROOM-01524,0
ROOM-01525,0
ROOM-01526,0
ROOM-01527,0
ROOM-01528,0
ROOM-01529,0
ROOM-01530,0
ROOM-01531,0
ROOM-01532,0
ROOM-01533,0
ROOM-01534,0
ROOM-01535,0
ROOM-01536,0
ROOM-01537,0
ROOM-01538,0
ROOM-01539,0
ROOM-01540,0
ROOM-01541,0
ROOM-01542,0
ROOM-01543,0
ROOM-01544,0
ROOM-01545,0
ROOM-01546,0
ROOM-01547,0
ROOM-01548,0
ROOM-01549,0
ROOM-01550,0
ROOM-01551,0
ROOM-01552,0
ROOM-01553,0
ROOM-01554,0
ROOM-01555,0
ROOM-01556,0
ROOM-01557,0
ROOM-01558,0
ROOM-01559,0
ROOM-01560,0
ROOM-01561,0
ROOM-01562,0
ROOM-01563,0
ROOM-01564,0
ROOM-01565,0
ROOM-01566,0
ROOM-01567,0
ROOM-01568,0
ROOM-01569,0
ROOM-01570,0
ROOM-01571,0
ROOM-01572,0
ROOM-01573,0
ROOM-01574,0
ROOM-01575,0
ROOM-01576,0
ROOM-01577,0
ROOM-01578,0
ROOM-01579,0
ROOM-01580,0
ROOM-01581,0
ROOM-01582,0
ROOM-01583,0
ROOM-01584,0
ROOM-01585,0
ROOM-01586,0
ROOM-01587,0
ROOM-01588,0
ROOM-01589,0
ROOM-01590,0
ROOM-01591,0
ROOM-01592,0
ROOM-01593,0
ROOM-01594,0
ROOM-01595,0
ROOM-01596,0
ROOM-01597,0
ROOM-01598,0
ROOM-01599,0
ROOM-01600,0
ROOM-01601,0
ROOM-01602,0
ROOM-01603,0
ROOM-01604,0
ROOM-01605,0
ROOM-01606,0
ROOM-01607,0
ROOM-01608,0
ROOM-01609,0
ROOM-01610,0
ROOM-01611,0
ROOM-01612,0
ROOM-01613,0
ROOM-01614,0
ROOM-01615,0
ROOM-01616,0
ROOM-01617,0
ROOM-01618,0
ROOM-01619,0
ROOM-01620,0
ROOM-01621,0
ROOM-01622,0
ROOM-01623,0
ROOM-01624,0
ROOM-01625,0
ROOM-01626,0
ROOM-01627,0
ROOM-01628,0
ROOM-01629,0
ROOM-01630,0
ROOM-01631,0
ROOM-01632,0
ROOM-01633,0
ROOM-01634,0
ROOM-01635,0
ROOM-01636,0
ROOM-01637,0
ROOM-01638,0
ROOM-01639,0
ROOM-01640,0
ROOM-01641,0
ROOM-01642,0
ROOM-01643,0
ROOM-01644,0
ROOM-01645,0
ROOM-01646,0
ROOM-01647,0
ROOM-01648,0
ROOM-01649,0
ROOM-01650,0
ROOM-01651,0
ROOM-01652,0
ROOM-01653,0
ROOM-01654,0
ROOM-01655,0
ROOM-01656,0
ROOM-01657,0
ROOM-01658,0
ROOM-01659,0
ROOM-01660,0
ROOM-01661,0
ROOM-01662,0
ROOM-01663,0
ROOM-01664,0
ROOM-01665,0
ROOM-01666,0
ROOM-01667,0
ROOM-01668,0
ROOM-01669,0
ROOM-01670,0
ROOM-01671,0
ROOM-01672,0
ROOM-01673,0
ROOM-01674,0
ROOM-01675,0
ROOM-01676,0
ROOM-01677,0
ROOM-01678,0
ROOM-01679,0
ROOM-01680,0
ROOM-01681,0
ROOM-01682,0
ROOM-01683,0
ROOM-01684,0
ROOM-01685,0
ROOM-01686,0
ROOM-01687,0
ROOM-01688,0
ROOM-01689,0
ROOM-01690,0
ROOM-01691,0
ROOM-01692,0
ROOM-01693,0
ROOM-01694,0
ROOM-01695,0
ROOM-01696,0
ROOM-01697,0
ROOM-01698,0
ROOM-01699,0
ROOM-01700,0
ROOM-01701,0
ROOM-01702,0
ROOM-01703,0
ROOM-01704,0
ROOM-01705,0
ROOM-01706,0
ROOM-01707,0
ROOM-01708,0
ROOM-01709,0
ROOM-01710,0
ROOM-01711,0
ROOM-01712,0
ROOM-01713,0
ROOM-01714,0
ROOM-01715,0
ROOM-01716,0
ROOM-01717,0
ROOM-01718,0
ROOM-01719,0
ROOM-01720,0
ROOM-01721,0
ROOM-01722,0
ROOM-01723,0
ROOM-01724,0
ROOM-01725,0
ROOM-01726,0
ROOM-01727,0
ROOM-01728,0
ROOM-01729,0
ROOM-01730,0
ROOM-01731,0
ROOM-01732,0
ROOM-01733,0
ROOM-01734,0
ROOM-01735,0
ROOM-01736,0
ROOM-01737,0
ROOM-01738,0
ROOM-01739,0
ROOM-01740,0
ROOM-01741,0
ROOM-01742,0
ROOM-01743,0
ROOM-01744,0
ROOM-01745,0
ROOM-01746,0
ROOM-01747,0
ROOM-01748,0
ROOM-01749,0
ROOM-01750,0
ROOM-01751,0
ROOM-01752,0
ROOM-01753,0
ROOM-01754,0
ROOM-01755,0
ROOM-01756,0
ROOM-01757,0
ROOM-01758,0
ROOM-01759,0
ROOM-01760,0
ROOM-01761,0
ROOM-01762,0
ROOM-01763,0
ROOM-01764,0
ROOM-01765,0
ROOM-01766,0
ROOM-01767,0
ROOM-01768,0
ROOM-01769,0
ROOM-01770,0
ROOM-01771,0
ROOM-01772,0
ROOM-01773,0
ROOM-01774,0
ROOM-01775,0
ROOM-01776,0
ROOM-01777,0
ROOM-01778,0
ROOM-01779,0
ROOM-01780,0
ROOM-01781,0
ROOM-01782,0
ROOM-01783,0
ROOM-01784,0
ROOM-01785,0
ROOM-01786,0
ROOM-01787,0
ROOM-01788,0
ROOM-01789,0
ROOM-01790,0
ROOM-01791,0
ROOM-01792,0
ROOM-01793,0
ROOM-01794,0
ROOM-01795,0
ROOM-01796,0
ROOM-01797,0
ROOM-01798,0
ROOM-01799,0
ROOM-01800,0
ROOM-01801,0
ROOM-01802,0
ROOM-01803,0
ROOM-01804,0
ROOM-01805,0
ROOM-01806,0
ROOM-01807,0
ROOM-01808,0
ROOM-01809,0
ROOM-01810,0
ROOM-01811,0
ROOM-01812,0
ROOM-01813,0
ROOM-01814,0
ROOM-01815,0
ROOM-01816,0
ROOM-01817,0
ROOM-01818,0
ROOM-01819,0
ROOM-01820,0
ROOM-01821,0
ROOM-01822,0
ROOM-01823,0
ROOM-01824,0
ROOM-01825,0
ROOM-01826,0
ROOM-01827,0
ROOM-01828,0
ROOM-01829,0
ROOM-01830,0
ROOM-01831,0
ROOM-01832,0
ROOM-01833,0
ROOM-01834,0
ROOM-01835,0
ROOM-01836,0
ROOM-01837,0
ROOM-01838,0
ROOM-01839,0
ROOM-01840,0
ROOM-01841,0
ROOM-01842,0
ROOM-01843,0
ROOM-01844,0
ROOM-01845,0
ROOM-01846,0
ROOM-01847,0
ROOM-01848,0
ROOM-01849,0
ROOM-01850,0
ROOM-01851,0
ROOM-01852,0
ROOM-01853,0
ROOM-01854,0
ROOM-01855,0
ROOM-01856,0
ROOM-01857,0
ROOM-01858,0
ROOM-01859,0
ROOM-01860,0
ROOM-01861,0
ROOM-01862,0
ROOM-01863,0
ROOM-01864,0
ROOM-01865,0
ROOM-01866,0
ROOM-01867,0
ROOM-01868,0
ROOM-01869,0
ROOM-01870,0
ROOM-01871,0
ROOM-01872,0
ROOM-01873,0
ROOM-01874,0
ROOM-01875,0
ROOM-01876,0
ROOM-01877,0
ROOM-01878,0
ROOM-01879,0
ROOM-01880,0
ROOM-01881,0
ROOM-01882,0
ROOM-01883,0
ROOM-01884,0
ROOM-01885,0
ROOM-01886,0
ROOM-01887,0
ROOM-01888,0
ROOM-01889,0
ROOM-01890,0
ROOM-01891,0
ROOM-01892,0
ROOM-01893,0
ROOM-01894,0
ROOM-01895,0
ROOM-01896,0
ROOM-01897,0
ROOM-01898,0
ROOM-01899,0
ROOM-01900,0
ROOM-01901,0
ROOM-01902,0
ROOM-01903,0
ROOM-01904,0
ROOM-01905,0
ROOM-01906,0
ROOM-01907,0
ROOM-01908,0
ROOM-01909,0
ROOM-01910,0
ROOM-01911,0
ROOM-01912,0
ROOM-01913,0
ROOM-01914,0
ROOM-01915,0
ROOM-01916,0
ROOM-01917,0
ROOM-01918,0
ROOM-01919,0
ROOM-01920,0
ROOM-01921,0
ROOM-01922,0
ROOM-01923,0
ROOM-01924,0
ROOM-01925,0
ROOM-01926,0
ROOM-01927,0
ROOM-01928,0
ROOM-01929,0
ROOM-01930,0
ROOM-01931,0
ROOM-01932,0
ROOM-01933,0
ROOM-01934,0
ROOM-01935,0
ROOM-01936,0
ROOM-01937,0
ROOM-01938,0
ROOM-01939,0
ROOM-01940,0
ROOM-01941,0
ROOM-01942,0
ROOM-01943,0
ROOM-01944,0
ROOM-01945,0
ROOM-01946,0
ROOM-01947,0
ROOM-01948,0
ROOM-01949,0
ROOM-01950,0
ROOM-01951,0
ROOM-01952,0
ROOM-01953,0
ROOM-01954,0
ROOM-01955,0
ROOM-01956,0
ROOM-01957,0
ROOM-01958,0
ROOM-01959,0
ROOM-01960,0
ROOM-01961,0
ROOM-01962,0
ROOM-01963,0
ROOM-01964,0
ROOM-01965,0
ROOM-01966,0
ROOM-01967,0
ROOM-01968,0
ROOM-01969,0
ROOM-01970,0
ROOM-01971,0
ROOM-01972,0
ROOM-01973,0
ROOM-01974,0
ROOM-01975,0
ROOM-01976,0
ROOM-01977,0
ROOM-01978,0
ROOM-01979,0
ROOM-01980,0
ROOM-01981,0
ROOM-01982,0
ROOM-01983,0
ROOM-01984,0
ROOM-01985,0
ROOM-01986,0
ROOM-01987,0
ROOM-01988,0
ROOM-01989,0
ROOM-01990,0
ROOM-01991,0
ROOM-01992,0
ROOM-01993,0
ROOM-01994,0
ROOM-01995,0
ROOM-01996,0
ROOM-01997,0
ROOM-01998,0
ROOM-01999,0
ROOM-02000,0
ROOM-02001,0
ROOM-02002,0
ROOM-02003,0
ROOM-02004,0
ROOM-02005,0
ROOM-02006,0
ROOM-02007,0
ROOM-02008,0
ROOM-02009,0
ROOM-02010,0
ROOM-02011,0
ROOM-02012,0
ROOM-02013,0
ROOM-02014,0
ROOM-02015,0
ROOM-02016,0
ROOM-02017,0
ROOM-02018,0
ROOM-02019,0
ROOM-02020,0
ROOM-02021,0
ROOM-02022,0
ROOM-02023,0
ROOM-02024,0
ROOM-02025,0
ROOM-02026,0
